internal_exam,assignment,lab_practical,attendance,previous_semester_cgpa,current_semester_cgpa
28.11,12.07,51.51,5.38,7.32,6.48
48.28,6.53,59.4,3.5,7.02,7.0
40.62,10.76,53.6,5.87,5.16,6.22
35.95,11.07,61.3,5.18,9.15,7.35
20.46,9.24,44.17,7.74,8.06,5.62
20.46,12.36,71.14,7.24,9.03,6.64
17.03,14.34,44.06,5.55,9.15,5.63
45.32,14.26,88.02,4.53,8.49,8.01
36.04,9.51,54.02,9.92,6.64,6.7
39.78,6.13,72.4,6.18,7.66,7.18
15.72,14.85,92.8,7.82,4.96,6.25
48.95,13.39,79.05,3.98,8.04,8.11
44.14,6.25,71.98,6.4,5.08,6.54
22.43,14.21,59.46,3.19,8.16,6.29
21.36,13.7,59.98,6.54,5.38,5.36
21.42,10.19,80.17,9.75,4.71,6.31
25.65,10.91,99.65,5.69,4.99,6.32
33.37,8.99,79.71,3.27,4.01,5.74
30.12,5.55,73.47,3.22,8.31,6.05
25.19,8.35,83.84,5.72,8.39,6.71
36.41,13.03,67.91,4.12,7.09,7.18
19.88,5.05,43.61,3.16,4.97,4.31
25.23,8.33,73.74,8.29,4.5,6.11
27.82,8.98,97.46,6.21,4.11,6.48
30.96,10.37,50.52,5.02,4.99,5.29
42.48,14.2,81.4,9.3,9.35,8.71
21.99,8.46,52.06,3.81,5.45,4.73
33.0,8.47,72.15,9.69,6.13,7.18
35.73,12.38,45.8,5.2,4.63,5.49
16.63,9.52,67.02,9.22,5.33,5.79
36.26,7.25,85.37,7.22,7.12,7.52
20.97,9.52,60.85,8.79,7.65,6.66
17.28,6.41,79.89,9.89,5.47,5.72
48.21,6.76,87.73,5.02,4.35,7.3
48.8,9.98,95.63,9.73,6.35,9.11
43.29,9.19,54.08,5.73,5.41,6.33
25.66,14.15,63.96,5.7,5.32,5.6
18.42,8.62,49.14,5.38,9.76,5.42
38.95,10.81,99.55,6.79,7.7,8.33
30.41,11.32,95.62,4.08,7.34,6.74
19.27,5.13,72.4,6.88,6.49,5.53
32.33,11.64,90.52,6.79,6.57,7.41
16.2,6.78,71.26,8.33,7.25,5.9
46.83,14.61,77.42,8.84,8.18,8.75
24.06,6.49,45.35,6.08,8.21,5.73
38.19,9.15,85.32,5.12,5.03,7.12
25.91,5.85,47.66,4.82,7.0,5.13
33.2,14.97,89.56,4.36,6.47,7.11
34.13,10.02,86.92,3.4,9.22,7.34
21.47,10.95,82.52,5.4,7.79,6.78
48.94,5.67,42.17,4.89,7.2,6.88
42.13,12.5,58.19,9.76,4.69,7.08
47.88,7.1,55.79,6.9,7.63,7.64
46.32,13.98,61.61,5.43,4.7,6.68
35.93,7.05,45.26,7.06,6.02,6.39
47.27,6.91,96.22,3.97,4.86,7.69
18.1,5.37,73.23,6.11,8.15,6.11
21.86,9.72,58.33,7.38,5.24,5.91
16.58,10.65,63.82,6.42,6.35,5.12
26.39,5.66,66.83,5.81,9.37,6.42
28.6,12.76,76.04,9.96,5.23,6.59
24.5,9.53,70.94,9.16,7.05,6.74
44.01,10.24,95.16,7.36,6.52,7.81
27.49,9.41,69.82,6.99,4.11,5.94
24.83,9.01,99.53,7.34,8.76,7.84
33.99,10.6,91.09,4.41,4.41,6.74
19.93,6.55,52.51,5.77,6.85,5.3
43.08,6.82,95.84,3.28,7.36,7.36
17.61,13.62,46.98,6.33,7.77,5.5
49.54,14.46,89.05,6.8,8.13,9.19
42.03,8.73,62.84,4.59,5.52,6.71
21.96,7.71,92.68,9.75,4.06,6.13
15.19,11.44,92.08,9.37,8.34,6.89
43.54,9.09,88.36,8.06,7.21,7.53
39.74,5.25,87.4,6.73,9.02,7.58
40.52,6.56,58.28,9.09,8.93,7.94
41.99,12.16,44.86,3.91,9.06,6.79
17.59,11.59,64.18,8.53,6.91,6.06
27.55,5.27,50.41,3.87,6.0,5.4
19.06,7.22,81.7,8.56,8.75,6.4
45.21,7.31,60.77,4.93,6.71,6.94
36.82,11.72,98.54,9.14,5.1,7.88
26.58,5.2,78.46,9.61,9.13,7.15
17.22,6.04,89.35,4.04,9.3,7.12
25.88,13.0,47.95,6.24,6.8,5.52
26.38,6.79,91.72,9.87,4.45,6.69
40.54,11.53,95.37,6.38,6.33,7.76
37.31,7.38,69.22,9.04,8.82,7.76
46.05,5.99,76.38,7.12,9.41,8.25
31.53,7.43,85.89,5.63,5.22,6.22
19.19,12.22,50.49,5.0,4.4,4.89
39.96,13.56,70.15,4.42,9.26,7.35
41.63,13.3,63.92,8.33,6.34,7.55
34.64,8.97,48.78,5.71,7.25,6.35
41.98,11.68,62.05,6.58,9.81,8.12
32.28,7.05,44.09,6.45,4.4,5.52
33.3,7.93,41.55,7.04,7.89,6.33
29.96,13.96,48.11,9.06,4.44,5.99
15.89,5.13,97.79,9.87,6.25,6.07
18.78,5.86,72.97,5.85,8.82,5.95
16.1,7.08,97.95,8.79,6.6,6.71
37.27,5.27,65.95,8.35,9.98,7.93
26.0,6.81,58.71,7.01,7.35,5.96
32.8,10.83,70.37,9.69,5.93,6.91
46.76,9.21,66.37,4.4,5.32,6.62
23.73,13.93,46.34,3.76,6.1,5.71
29.36,13.17,78.45,8.98,6.24,7.22
41.44,8.42,52.96,6.07,4.41,6.57
23.01,7.59,77.18,8.93,6.22,6.04
17.69,8.8,79.01,9.25,6.79,6.15
25.14,10.9,49.12,3.44,8.34,5.95
20.64,7.68,43.68,9.18,7.94,5.91
47.54,11.24,86.85,6.14,8.25,8.4
43.28,9.09,67.59,6.57,4.05,6.34
37.17,10.52,43.49,7.39,5.31,6.3
45.5,9.36,99.69,9.48,7.97,8.97
43.13,7.94,43.47,3.13,6.9,6.01
21.53,14.48,81.7,6.34,4.03,6.28
46.24,12.64,99.02,7.81,8.83,9.37
33.88,6.4,54.35,8.06,8.64,6.82
43.26,13.68,48.53,7.85,7.29,7.35
46.36,9.87,47.28,3.94,4.4,6.25
26.13,13.95,58.2,5.1,8.6,6.4
18.85,13.0,46.06,5.51,7.5,5.58
22.98,9.25,81.53,8.63,8.69,6.53
29.95,5.22,43.74,4.95,8.51,6.08
43.63,7.69,70.57,4.47,8.82,7.16
45.13,10.42,99.8,9.7,7.11,9.02
15.24,11.33,88.84,3.06,4.84,5.33
32.88,7.58,76.91,9.98,8.03,7.35
29.61,6.39,58.38,7.74,7.72,6.21
22.77,13.35,77.43,8.8,8.45,7.11
19.2,14.84,71.62,5.06,5.02,6.05
26.82,10.26,65.57,3.1,5.17,4.91
48.0,6.72,47.84,8.17,9.34,8.0
26.31,7.72,93.2,8.84,8.5,7.52
33.16,5.18,66.99,8.18,9.45,6.89
39.61,14.14,51.68,4.0,8.55,6.88
27.73,6.18,62.07,8.27,7.58,6.77
49.01,10.77,64.85,8.38,7.92,7.86
48.69,7.74,89.65,7.61,9.33,8.48
23.81,10.54,84.02,8.36,7.47,7.22
32.4,11.51,86.16,8.92,7.79,7.79
25.53,13.3,40.66,7.3,4.94,5.16
24.97,7.06,64.97,3.62,6.84,5.72
16.29,5.11,68.88,6.41,8.3,5.5
36.33,6.37,41.15,3.54,5.63,5.67
32.59,14.0,55.59,5.85,5.21,6.43
16.8,13.74,85.62,5.85,5.88,6.25
24.75,10.97,48.23,3.46,5.45,5.22
46.79,11.01,72.12,5.44,5.29,7.65
23.38,11.65,52.91,3.78,6.55,5.52
20.07,6.75,40.73,8.66,9.45,5.6
32.13,14.14,54.47,9.63,7.04,7.07
49.5,9.19,98.55,3.51,5.13,8.2
23.47,8.83,88.09,9.69,4.46,6.03
38.52,10.19,97.57,6.66,8.18,8.05
41.66,5.47,69.27,5.1,6.3,6.78
23.32,6.66,46.58,3.54,8.93,5.58
40.49,12.38,72.88,6.5,7.96,7.47
27.87,5.83,67.26,8.56,8.78,7.07
37.13,11.03,90.66,7.95,5.63,8.01
37.17,7.45,45.88,3.35,8.15,6.3
33.75,8.89,69.29,3.51,5.58,5.87
18.16,7.89,49.0,5.82,9.63,5.44
44.24,8.56,59.48,5.07,7.82,7.24
26.23,12.19,84.24,4.63,5.95,6.72
21.53,7.97,68.56,4.97,5.62,5.56
16.43,10.66,62.55,8.62,5.15,5.41
35.68,9.76,63.67,9.5,8.17,7.23
38.71,11.64,67.57,5.84,5.31,6.43
15.58,14.37,87.1,9.34,7.57,7.11
32.92,12.33,93.53,5.25,5.59,7.29
22.93,7.15,97.32,6.34,7.97,6.53
37.58,5.31,87.21,4.58,8.89,7.87
21.1,7.62,58.92,7.48,8.67,6.31
39.18,10.95,81.29,9.85,8.57,8.59
28.54,5.51,66.26,7.22,5.13,5.4
47.79,9.96,55.28,5.5,4.53,6.25
19.81,10.97,90.45,7.53,8.19,6.95
26.94,8.34,42.31,3.86,6.21,5.29
18.97,12.71,94.11,9.22,6.59,7.36
47.36,6.07,67.69,6.52,4.19,6.81
45.71,5.75,78.23,6.15,5.56,7.02
24.03,12.28,79.56,7.1,4.2,5.75
38.1,9.95,93.71,7.37,9.28,8.66
43.6,11.88,78.2,3.5,5.46,6.84
34.43,9.35,76.84,7.78,7.34,7.63
33.54,7.46,44.0,4.69,4.23,5.07
23.46,13.19,71.1,8.0,8.0,7.26
18.26,12.99,49.01,8.76,5.94,5.72
46.4,11.95,84.25,8.63,9.39,8.86
46.51,7.72,70.73,6.87,9.33,7.96
37.16,10.9,80.81,6.64,5.95,7.04
26.87,8.61,42.5,4.0,9.41,6.11
27.22,5.92,45.09,8.43,9.98,6.51
40.41,14.17,82.98,4.9,8.95,8.02
46.4,6.37,44.33,6.48,9.07,7.19
46.05,14.5,44.28,4.99,5.49,6.73
42.3,9.46,40.73,3.94,7.46,5.91
37.47,6.85,97.39,7.41,4.4,7.1
17.94,10.42,84.25,3.38,4.57,5.11
20.66,13.73,61.2,8.24,9.99,6.72
46.45,12.32,57.79,5.22,5.96,6.64
36.23,13.07,60.98,3.0,8.49,6.54
15.32,11.59,86.48,6.58,8.84,6.38
18.55,11.92,79.68,3.33,9.15,6.34
38.22,13.49,51.11,4.93,9.99,7.95
15.18,7.5,50.45,7.95,5.45,4.7
20.63,9.89,45.9,3.44,4.24,4.49
34.21,7.21,79.62,8.88,6.47,7.13
39.22,14.88,85.86,3.03,4.78,7.02
37.82,14.44,55.9,4.73,4.13,6.12
22.85,5.39,41.26,8.19,6.16,4.82
39.93,12.06,44.93,5.21,8.7,7.38
23.3,14.25,98.07,3.71,7.4,7.47
26.39,6.81,57.73,5.52,5.88,5.08
41.13,10.68,86.15,4.89,7.93,7.55
37.74,14.15,77.48,8.9,5.39,7.31
44.72,5.34,62.92,5.19,4.09,5.91
38.02,11.97,52.34,8.52,8.59,7.51
34.89,7.97,47.28,9.24,7.74,6.48
18.28,14.24,76.9,6.04,8.57,7.26
27.87,14.71,86.48,9.37,4.23,7.11
24.28,14.44,78.63,5.64,9.02,7.26
23.54,9.74,71.82,9.75,7.72,7.02
49.06,13.62,42.52,3.63,7.38,7.4
28.76,13.45,98.11,7.81,7.75,7.65
46.22,8.19,87.92,6.46,9.19,8.26
37.09,13.29,57.57,5.71,7.52,7.02
42.82,5.37,98.8,7.43,7.49,8.23
32.59,10.96,76.11,7.93,9.94,7.9
35.19,7.3,74.95,3.03,8.54,6.52
32.24,6.21,84.88,4.17,6.65,6.35
21.83,5.77,88.71,7.99,8.24,6.75
40.29,11.96,79.39,7.66,6.34,7.53
24.83,8.4,47.69,9.76,5.37,6.05
15.85,12.25,60.3,8.33,7.58,5.66
37.59,5.65,95.69,9.66,9.57,8.51
21.2,8.15,53.48,7.92,9.57,6.71
47.92,10.39,62.33,5.09,6.05,7.72
48.39,12.91,65.92,3.74,7.17,7.48
47.02,8.19,66.36,8.47,5.27,7.31
27.96,11.26,76.78,7.51,9.97,7.73
15.54,13.86,96.58,3.34,9.89,7.13
47.49,11.16,54.44,5.52,7.9,7.46
29.99,7.33,47.29,9.7,8.83,6.76
48.83,5.24,51.85,6.5,8.29,6.67
48.73,13.7,93.22,6.03,7.56,8.83
44.86,5.21,78.75,6.2,4.32,6.74
25.31,13.75,57.15,4.46,6.73,5.94
28.48,10.29,88.96,5.58,8.05,7.7
44.79,14.39,91.68,5.59,8.07,8.35
26.09,12.99,90.79,3.37,6.24,6.5
20.93,14.98,95.14,8.37,9.65,8.38
34.49,8.51,55.13,5.92,5.0,5.65
47.77,12.67,85.3,8.76,7.0,8.33
39.36,9.02,67.63,8.95,8.15,7.55
34.95,9.8,90.52,4.48,8.18,7.72
18.4,11.28,83.71,7.6,7.89,6.73
36.53,13.74,86.59,6.31,5.65,6.99
49.65,14.84,79.37,9.16,4.94,7.97
19.9,12.68,50.65,4.51,7.82,5.56
33.14,9.18,72.7,7.74,7.6,7.07
45.71,9.21,99.08,7.25,5.08,7.93
40.93,12.38,96.24,5.07,8.23,8.36
39.4,7.39,42.59,3.96,6.73,5.56
39.59,6.1,49.89,7.56,8.01,7.05
27.58,8.55,47.9,8.17,9.02,6.56
25.28,7.87,83.56,5.21,5.02,6.25
43.33,7.96,89.07,7.51,4.11,7.25
43.35,7.34,52.81,5.77,8.67,7.43
45.35,5.42,70.35,7.99,7.66,7.67
46.96,5.18,90.44,4.39,8.2,8.25
32.9,14.88,83.97,9.23,9.03,8.38
32.55,9.28,72.53,5.01,8.82,7.07
42.94,8.84,75.42,5.57,9.77,8.62
37.75,11.8,70.5,3.41,7.22,7.18
39.57,7.18,57.85,3.78,6.93,6.55
42.85,14.5,73.9,6.61,6.41,7.33
46.15,12.86,81.33,4.87,4.92,7.06
26.83,5.89,92.4,8.85,7.44,7.13
28.15,9.18,78.18,3.1,5.66,6.02
18.29,13.79,85.67,5.65,9.53,6.95
35.24,14.45,49.6,5.36,7.5,6.76
16.26,9.67,67.69,3.14,7.56,5.91
31.3,11.13,40.56,3.87,6.13,5.73
33.99,6.67,54.8,5.9,4.31,5.24
25.03,14.91,83.59,6.45,4.19,6.25
35.68,7.32,99.51,5.83,6.54,7.13
16.07,14.43,45.95,6.72,4.51,4.78
16.31,11.5,64.09,7.17,7.64,5.87
43.79,11.08,88.0,3.07,9.29,8.08
27.61,10.13,52.24,6.25,9.3,6.27
19.45,7.31,73.31,9.74,7.95,6.42
33.28,6.77,83.98,6.63,5.27,6.39
41.95,7.2,76.96,7.74,9.18,7.26
22.55,6.86,51.28,5.18,9.32,6.45
36.8,12.8,61.32,8.42,5.18,7.0
17.99,8.5,87.03,8.41,8.42,6.67
16.81,5.58,73.25,6.65,5.72,5.31
33.6,14.69,40.31,9.83,8.82,6.9
33.92,13.84,85.66,3.88,9.98,8.41
37.31,14.28,42.12,3.12,4.18,6.07
40.41,14.95,84.74,8.39,9.38,8.76
49.15,6.74,52.15,8.65,7.74,7.76
33.07,8.96,97.48,3.84,9.84,7.91
26.3,12.58,62.08,4.86,6.79,5.82
42.83,11.96,59.62,3.12,9.08,7.34
24.48,6.54,48.93,5.05,4.37,4.76
30.36,13.16,58.34,8.41,6.01,6.39
17.75,7.24,92.6,6.63,4.4,5.57
15.89,7.24,99.78,5.44,9.85,6.91
48.69,10.37,62.1,5.6,8.9,7.93
44.26,10.93,66.92,3.01,9.12,7.65
39.36,10.8,83.32,5.1,9.63,7.82
29.31,5.91,93.17,7.53,4.51,6.18
21.07,13.77,75.58,9.82,6.31,6.31
20.48,7.66,63.49,8.93,4.43,5.57
23.76,6.3,64.76,3.17,5.26,4.57
34.22,13.89,81.74,9.29,5.38,7.58
40.01,14.56,40.19,8.48,6.81,7.27
38.11,13.62,77.18,8.46,5.61,7.3
24.8,13.1,61.33,6.21,4.61,5.02
48.42,11.55,87.65,5.79,5.0,7.61
40.83,10.51,45.58,5.12,4.88,6.01
34.4,5.87,75.29,3.46,9.84,6.89
36.41,9.08,68.86,4.6,8.56,6.98
29.69,8.73,78.54,4.73,9.81,7.63
23.67,7.6,43.89,6.39,6.64,5.49
27.46,12.23,74.8,8.23,5.67,6.34
41.52,9.96,73.69,6.32,8.79,7.43
15.5,5.81,73.64,3.4,5.96,4.91
19.06,7.2,76.21,9.7,5.8,5.9
16.61,11.83,80.59,9.6,5.4,6.23
16.43,5.76,88.3,8.5,4.78,5.49
44.94,13.51,56.19,9.94,5.54,7.51
39.63,9.95,89.5,6.81,6.13,7.98
31.6,9.81,69.9,9.74,8.04,7.49
18.42,10.92,44.62,3.53,4.38,4.38
32.21,13.25,43.51,5.56,5.26,5.73
31.57,8.48,60.05,4.58,8.85,6.54
21.06,11.78,87.09,4.37,4.88,6.18
30.18,10.66,82.46,3.99,6.06,6.34
28.95,7.67,87.32,7.36,9.19,7.48
36.55,13.79,71.04,8.47,4.93,6.98
37.23,12.97,66.41,7.05,4.5,6.46
16.59,11.58,48.85,4.03,6.91,4.78
28.11,13.51,59.69,8.68,5.81,6.48
36.91,13.67,66.04,7.45,7.38,7.35
32.61,12.08,45.32,5.72,8.82,6.8
44.98,13.37,53.24,7.72,4.82,6.77
38.05,11.97,75.89,4.82,7.48,7.64
20.7,11.8,84.14,5.42,7.03,6.21
17.47,11.19,99.9,9.42,4.86,6.88
37.48,12.53,95.99,5.03,7.74,7.49
15.93,6.59,78.55,6.29,5.64,5.51
35.5,13.81,65.27,9.23,6.93,7.46
47.91,13.72,78.17,7.95,4.49,7.46
35.14,5.29,87.14,3.44,6.76,6.78
28.59,13.26,47.1,4.03,5.84,5.96
37.52,6.29,64.59,3.05,8.93,6.27
31.04,8.35,90.39,7.42,4.34,6.63
34.1,12.44,63.03,6.13,6.51,6.07
47.95,6.61,74.31,3.94,6.75,7.02
28.51,13.18,75.27,9.71,8.35,7.94
48.64,13.32,51.07,6.71,7.45,7.47
46.69,10.07,61.73,4.69,8.0,7.19
21.85,5.06,60.07,6.5,8.66,5.92
17.43,7.87,41.57,7.76,9.17,6.2
18.53,11.17,41.45,3.53,5.88,4.26
15.64,14.81,89.9,4.92,7.23,6.21
18.31,11.32,56.38,8.65,9.04,6.76
38.91,7.6,71.08,6.22,9.94,8.19
17.49,11.34,57.92,6.83,9.34,6.24
26.16,10.4,96.44,6.03,6.23,6.52
44.57,12.8,55.56,3.31,5.17,7.06
15.81,6.07,65.78,4.16,6.94,5.55
43.51,12.61,92.36,6.12,8.45,8.65
24.86,10.41,90.52,4.46,6.96,6.43
19.14,14.63,51.17,3.35,6.9,5.45
39.39,8.42,88.16,8.91,9.03,8.24
37.01,11.33,67.49,9.87,6.17,7.27
45.71,14.32,68.98,8.55,9.16,8.93
40.73,6.03,48.01,8.98,6.44,6.77
43.12,14.37,44.84,4.69,5.97,6.36
24.87,11.88,83.68,9.72,6.72,7.37
21.21,5.68,69.79,4.38,8.57,6.06
41.27,8.01,66.21,9.66,4.76,6.99
43.24,12.08,83.77,9.96,5.18,8.15
49.67,5.67,85.93,7.98,9.71,8.45
29.44,10.82,49.53,9.87,5.05,5.97
28.02,8.46,76.61,6.99,7.41,6.58
42.17,11.21,48.12,4.82,7.48,6.44
26.93,5.46,85.08,6.06,6.94,6.53
47.58,13.72,79.42,7.15,7.87,9.06
45.04,14.73,97.4,3.51,5.38,7.36
30.01,14.69,44.14,7.36,7.32,6.44
41.28,12.5,43.42,9.87,6.23,7.1
41.41,6.3,56.93,4.33,7.97,6.78
18.61,12.58,55.7,8.55,4.85,5.39
46.59,5.25,54.82,9.36,7.43,6.98
32.68,5.22,94.38,9.61,5.11,6.97
43.93,8.24,54.97,9.72,5.67,6.76
26.2,9.89,56.32,6.65,5.31,5.08
46.34,12.7,85.56,9.84,5.1,8.32
28.62,11.83,66.98,8.3,8.95,7.49
15.38,9.46,86.6,4.13,5.71,5.57
46.69,7.74,43.92,6.34,9.56,7.5
18.2,14.97,69.25,8.03,9.82,7.35
26.18,9.26,42.02,4.73,7.43,5.62
48.25,9.51,43.76,7.48,4.86,6.81
48.27,6.64,94.39,7.67,6.25,7.95
35.07,12.95,48.35,4.14,8.79,7.11
37.11,11.94,71.95,6.96,6.2,7.15
30.7,7.21,64.67,8.4,4.52,5.96
25.26,5.82,60.84,6.49,7.34,5.59
26.5,11.8,93.99,3.08,9.07,7.37
38.54,11.55,41.31,3.06,8.78,6.41
41.33,7.73,79.83,5.5,5.05,6.64
42.71,14.51,97.8,9.48,8.04,8.73
42.64,6.51,73.61,4.6,5.32,6.36
18.19,9.32,96.21,7.44,5.31,6.72
32.3,14.44,43.14,4.55,9.24,7.08
17.01,9.2,65.13,5.25,5.5,5.64
34.23,11.39,55.61,8.94,5.58,6.19
30.45,8.98,83.85,8.1,4.0,6.35
46.07,7.74,98.88,3.67,9.22,8.1
27.28,14.84,55.39,6.0,8.76,6.63
19.1,9.09,79.25,3.2,7.76,5.77
20.0,13.94,51.89,6.37,8.5,6.5
41.65,7.3,73.92,7.64,4.91,6.73
36.64,7.13,67.84,3.83,6.75,6.71
18.54,5.31,98.32,5.02,6.11,6.1
17.94,11.52,76.51,5.78,4.56,6.05
39.53,8.69,60.97,9.44,6.92,6.78
17.55,13.64,46.85,9.95,9.52,6.82
43.77,9.73,49.07,3.31,4.24,6.18
39.72,14.68,53.52,8.33,5.75,6.73
17.85,6.86,55.06,5.6,5.25,5.03
17.97,13.69,91.04,5.75,5.43,6.28
49.53,12.77,73.67,8.28,9.45,8.8
28.1,12.71,71.4,9.43,6.81,6.76
27.97,13.45,46.89,9.66,6.8,6.23
43.45,12.61,91.61,7.04,8.56,9.1
48.15,11.26,83.37,5.5,4.93,7.51
49.51,6.31,44.06,8.51,6.92,7.27
41.37,5.33,82.47,4.76,6.58,6.82
28.17,14.21,72.61,6.95,7.58,6.85
17.92,11.17,44.9,5.51,10.0,6.26
42.2,12.97,67.5,7.6,8.62,7.66
34.54,9.82,69.08,4.68,6.39,6.42
29.85,6.17,49.95,4.34,8.97,6.14
46.72,6.25,96.74,9.43,5.02,7.87
18.89,11.86,91.0,3.71,4.18,5.57
32.24,9.3,80.14,6.54,5.23,6.62
15.4,7.01,67.74,4.55,6.04,5.22
31.4,9.92,64.71,3.27,7.06,6.44
16.97,5.64,79.06,3.25,7.69,5.37
19.16,10.82,72.73,4.23,9.46,6.41
19.11,7.69,43.74,9.07,7.06,5.72
37.72,12.98,70.75,4.98,7.01,7.37
41.11,8.1,88.38,9.65,4.3,6.91
35.42,9.55,67.55,7.07,4.21,6.3
48.68,5.12,43.12,6.06,7.31,6.28
28.12,5.72,87.18,7.06,6.63,6.62
25.0,8.92,52.08,6.62,9.04,6.79
45.4,9.8,55.52,8.31,4.96,6.6
22.83,11.0,49.88,4.98,4.15,4.68
48.71,7.92,59.81,5.47,6.69,7.36
15.43,11.95,85.41,9.26,5.42,5.75
48.95,13.6,71.16,9.63,4.3,7.5
16.51,12.8,52.29,9.25,8.35,6.31
46.19,5.4,92.67,5.94,4.67,7.05
33.47,9.81,92.77,8.46,7.65,7.68
49.75,6.05,92.23,6.33,5.69,7.94
17.58,7.42,54.33,6.48,5.04,4.92
34.38,14.87,67.07,4.43,6.28,6.81
48.93,6.42,99.1,7.14,8.81,8.67
33.31,9.99,86.32,4.3,6.35,6.93
37.03,11.18,41.63,5.32,8.5,6.64
39.35,12.02,43.91,8.99,4.75,6.46
30.91,10.6,67.84,4.45,8.64,6.74
36.96,5.1,94.55,3.5,5.42,6.58
35.45,8.26,72.32,3.48,8.06,6.6
46.54,10.18,69.87,9.59,7.39,8.02
16.59,5.88,46.33,6.55,9.57,5.39
24.83,8.51,79.41,5.87,6.32,5.93
48.26,5.33,89.33,8.68,4.4,7.52
46.16,5.79,62.83,8.85,4.11,6.69
30.95,8.97,86.54,5.33,8.96,7.59
36.7,6.33,97.87,7.86,7.15,7.54
24.71,10.68,52.23,8.4,8.65,6.6
21.58,11.89,71.4,7.58,5.41,6.12
31.23,13.01,57.23,4.06,6.07,6.21
27.37,7.0,87.57,9.13,4.18,6.05
35.43,6.67,74.66,6.77,9.77,7.59
17.72,6.05,78.07,4.98,8.01,6.01
49.1,11.36,87.87,5.98,9.6,8.9
49.52,12.06,63.76,3.26,5.59,6.57
39.44,5.32,94.91,3.9,7.67,7.44
33.76,14.36,71.98,8.36,8.07,8.19
25.83,5.52,49.48,3.0,5.91,4.84
43.48,10.41,81.75,5.92,9.09,8.03
38.97,12.09,87.6,6.66,9.68,8.51
20.69,13.71,59.01,3.38,9.31,6.37
46.88,12.14,91.43,9.81,8.43,9.3
43.79,13.02,94.37,4.58,5.66,7.41
48.24,8.39,56.61,5.13,5.69,6.99
40.4,13.15,99.01,5.13,9.78,8.88
36.47,5.8,48.44,4.61,4.06,5.23
29.64,13.95,52.12,3.01,8.3,6.47
47.65,10.48,51.05,8.11,8.24,7.96
45.31,13.17,93.64,9.77,7.74,9.07
16.58,9.52,79.26,4.57,9.94,6.27
15.92,11.44,49.13,7.64,5.87,5.38
28.18,10.26,66.42,8.19,6.04,6.35
43.37,12.32,76.92,8.94,4.47,7.38
49.55,5.82,45.01,5.96,6.66,6.76
20.26,5.6,92.94,5.12,5.57,5.78
35.79,7.47,88.22,5.28,6.06,7.19
28.33,6.6,70.31,7.99,9.01,6.93
48.95,13.72,98.03,8.72,9.61,9.3
44.47,7.19,65.07,4.27,5.11,6.38
44.34,14.76,99.05,5.6,6.24,8.28
31.4,8.37,80.08,9.31,9.57,8.08
29.52,6.82,78.08,8.65,4.37,6.29
24.57,12.9,49.96,9.89,4.55,5.5
16.97,11.59,92.92,8.28,4.98,6.81
45.27,9.98,65.65,5.75,7.57,7.56
43.45,10.55,49.73,7.13,4.9,6.81
49.99,12.19,40.76,7.63,9.81,8.01
49.88,7.28,73.59,3.55,6.68,7.48
34.44,14.96,71.64,6.81,7.01,7.5
41.91,14.75,83.16,7.97,5.48,8.05
48.07,11.5,93.42,4.17,6.83,8.37
44.74,7.0,44.76,8.46,7.97,7.33
23.66,11.8,83.89,7.09,8.51,7.06
30.77,5.72,51.24,9.67,8.52,6.46
19.52,5.31,91.49,3.3,7.47,6.09
48.39,7.58,89.14,4.86,9.43,8.71
36.22,9.63,72.45,7.21,8.9,7.52
23.0,13.68,82.61,5.08,8.54,7.27
38.51,12.27,58.86,8.0,4.33,6.85
36.63,12.43,68.27,8.31,4.04,6.35
27.54,9.25,89.3,3.72,5.27,5.98
18.97,8.46,67.56,6.6,7.98,6.01
38.51,8.71,61.47,6.56,6.47,6.78
33.21,14.88,69.65,5.58,6.41,6.76
42.03,5.4,89.69,9.53,9.31,8.74
33.21,13.67,60.11,8.79,9.37,7.74
44.83,10.79,50.43,7.88,9.46,7.83
34.32,9.39,82.72,8.0,5.88,6.66
34.63,12.25,89.56,6.23,8.15,7.46
45.68,9.87,46.04,9.45,5.63,6.97
29.12,13.73,54.39,7.86,5.14,5.56
19.69,14.01,48.52,8.1,5.11,5.67
16.01,9.22,60.88,9.03,6.05,5.47
41.43,7.77,67.02,4.92,6.58,7.63
36.71,10.92,84.93,8.65,8.99,8.74
39.64,14.12,79.07,4.37,4.72,6.87
22.45,7.11,77.26,5.42,8.41,6.37
19.77,11.23,61.14,5.35,7.19,6.04
15.51,11.32,90.49,9.85,5.73,6.79
27.27,12.33,68.28,9.0,6.96,6.39
35.65,6.32,98.75,7.91,5.8,6.82
28.73,12.16,78.05,8.09,7.58,7.03
30.31,14.09,47.58,6.93,6.6,6.44
46.65,6.8,80.57,9.63,4.99,7.6
27.19,7.38,59.51,6.47,4.7,5.7
32.99,14.71,81.18,5.66,7.28,7.08
42.43,6.81,44.18,4.14,9.41,6.29
28.88,13.54,50.49,8.5,6.06,6.48
36.77,9.92,91.34,8.14,8.4,7.86
45.18,7.47,53.63,5.69,7.95,6.6
48.23,13.71,90.22,3.18,9.59,8.81
20.15,9.45,56.76,8.87,8.93,6.58
47.43,10.15,78.57,3.08,7.4,7.61
32.22,8.59,81.65,7.93,7.94,7.21
24.04,10.93,70.76,9.79,9.39,7.23
31.07,6.64,58.32,6.06,6.4,5.88
49.3,8.91,52.76,4.64,5.96,6.49
32.24,14.69,41.99,7.93,4.06,5.59
26.51,7.58,58.24,8.72,8.96,6.79
37.17,11.57,79.19,6.83,8.81,7.95
23.41,8.25,96.3,9.77,4.63,6.54
17.66,12.73,92.27,3.36,7.46,6.17
19.51,6.31,85.96,6.53,6.78,6.04
19.48,14.7,87.31,8.03,4.71,5.77
20.32,9.54,79.9,9.04,9.88,7.27
19.86,7.36,55.62,4.25,5.29,5.18
37.43,5.73,94.43,8.6,4.4,6.58
21.37,6.7,80.24,6.87,7.57,6.17
27.1,10.2,73.63,5.78,8.43,6.91
46.39,8.37,46.66,3.92,4.19,6.26
31.59,13.29,66.82,9.06,7.95,7.23
38.36,9.31,67.62,4.1,7.19,6.65
21.03,7.49,91.87,5.17,4.62,5.24
21.73,11.17,72.8,5.03,5.04,5.66
16.43,12.07,62.82,9.1,7.41,6.63
20.91,6.67,98.61,7.71,5.78,6.45
24.75,6.68,46.64,8.58,9.63,6.36
21.2,5.37,65.35,4.75,8.91,6.05
18.1,12.36,42.52,7.37,9.9,6.18
19.22,11.64,84.39,7.0,5.56,5.93
31.13,9.75,95.08,8.83,9.82,8.44
22.22,13.44,56.8,9.34,6.59,6.29
27.75,13.06,91.5,3.09,6.09,6.66
32.62,10.85,57.53,7.72,4.3,5.72
39.16,13.68,94.65,3.36,4.32,7.37
16.38,7.06,85.24,6.84,8.15,6.47
42.98,6.12,88.29,5.01,6.75,7.24
36.98,7.7,41.08,5.15,5.36,5.86
17.86,5.57,97.77,5.47,7.68,6.23
45.58,10.31,83.6,7.35,5.52,7.43
47.23,14.37,58.29,5.34,7.47,7.46
17.14,5.39,89.76,8.13,6.16,5.54
24.69,6.22,56.89,5.83,8.94,6.25
43.22,9.52,92.37,3.48,8.92,7.66
41.19,14.34,46.75,8.49,6.86,6.85
21.46,8.16,82.22,5.0,6.1,5.39
22.33,10.07,72.44,6.03,6.18,5.95
27.97,5.42,45.79,7.8,8.83,6.13
31.96,6.48,54.51,5.33,5.97,5.66
36.64,14.87,40.74,3.4,5.25,5.6
27.91,14.65,68.13,5.62,4.51,5.75
31.19,5.05,58.08,9.61,6.8,6.44
41.16,14.52,75.9,7.49,6.89,7.67
16.28,11.39,57.83,7.7,9.05,6.29
23.84,13.68,58.0,7.43,5.33,5.65
39.97,9.55,84.59,4.39,6.29,7.21
46.33,10.16,42.89,5.93,8.85,7.66
32.91,9.89,94.17,8.26,8.94,8.2
33.62,11.67,91.14,3.71,6.31,6.92
18.75,6.4,80.07,4.94,6.75,5.8
30.66,5.3,75.59,4.93,5.82,5.97
33.64,8.08,93.54,6.02,9.6,7.9
23.49,12.05,51.12,9.86,4.71,5.57
24.42,7.02,44.74,3.47,9.6,5.76
28.2,11.73,54.37,6.63,8.1,6.58
15.7,14.7,87.67,4.26,7.19,6.09
26.27,5.94,42.08,9.79,4.2,4.8
22.4,11.73,74.97,3.79,6.85,5.75
26.46,9.44,99.73,5.83,6.45,6.5
19.19,13.68,91.34,8.17,4.97,6.1
46.17,6.77,71.29,7.93,7.94,7.82
35.78,11.93,43.82,5.96,9.83,6.87
38.77,13.38,89.88,5.43,7.37,7.98
42.62,14.45,75.94,5.78,8.29,8.08
32.45,11.83,46.9,4.85,4.41,5.0
18.04,9.97,45.63,4.44,6.51,5.12
33.8,11.18,94.58,6.38,4.7,7.15
35.54,13.69,80.15,4.88,7.68,7.21
41.09,10.71,89.76,5.01,9.63,8.44
30.11,5.3,92.74,7.6,7.97,7.02
19.47,14.31,74.31,9.78,4.46,6.1
24.93,11.9,71.05,7.23,6.13,6.0
27.71,11.77,65.83,3.54,7.3,5.82
37.61,7.16,59.02,3.53,6.42,6.07
34.98,11.59,66.08,9.66,9.0,7.71
27.46,8.94,86.43,5.08,8.89,7.04
49.53,11.51,76.12,3.64,7.67,7.63
36.2,6.07,93.55,7.19,6.24,7.09
23.3,11.58,66.6,7.37,5.53,6.02
18.56,14.99,76.43,7.54,4.64,5.93
20.35,5.48,77.88,4.87,6.13,5.6
23.61,14.77,75.5,3.11,6.48,6.05
20.62,9.07,82.16,9.76,8.05,7.18
21.53,13.71,54.25,4.76,7.95,5.73
24.98,12.82,70.74,7.73,4.42,6.12
21.07,10.67,46.25,7.95,6.37,5.81
46.39,12.38,63.07,7.27,5.09,7.31
17.81,13.79,69.26,5.19,4.94,5.42
33.36,9.04,79.13,4.9,8.96,7.18
29.36,8.27,97.03,7.18,4.25,6.78
49.38,11.68,76.04,9.06,6.52,7.82
18.92,13.08,84.62,9.63,5.01,6.1
28.92,12.62,70.38,3.74,9.28,6.93
48.93,12.98,78.05,4.08,7.34,8.31
45.29,9.36,44.26,9.61,5.39,6.85
43.6,13.18,55.26,8.16,7.01,7.2
24.03,6.2,61.71,9.18,8.39,6.34
20.98,10.44,68.35,4.42,9.75,6.39
38.4,5.06,42.74,7.11,5.32,5.57
47.53,8.25,48.4,7.91,9.32,7.98
34.49,8.66,56.61,7.76,9.61,6.9
35.01,8.96,98.29,5.86,9.5,8.52
24.8,11.95,59.88,3.11,7.81,6.25
41.93,8.89,68.92,7.08,7.78,7.76
21.55,9.49,51.77,4.77,6.42,5.19
26.33,7.38,76.65,6.15,8.51,6.69
29.89,8.73,56.84,9.7,7.19,6.21
32.77,7.27,52.42,5.79,8.06,6.23
23.48,5.73,70.99,8.88,6.57,6.22
19.02,11.03,40.33,4.32,8.39,5.74
36.37,11.68,40.46,7.71,8.95,6.7
25.1,11.19,53.14,9.84,4.88,5.69
35.34,9.63,42.2,3.71,9.0,6.4
20.4,8.8,46.48,3.06,7.24,4.74
31.84,13.63,60.33,6.04,9.07,7.35
33.64,10.19,88.16,3.65,6.59,6.73
16.81,9.79,74.32,8.24,6.27,5.86
26.78,5.26,70.76,9.4,9.49,6.93
19.7,8.41,57.61,6.04,5.51,4.97
17.22,8.8,95.91,4.81,9.07,6.76
49.65,8.99,63.82,6.04,6.9,7.45
26.28,10.8,45.23,8.06,7.08,5.91
43.35,10.34,77.02,3.06,5.85,6.8
23.91,11.08,46.83,7.13,7.44,6.0
38.85,12.65,60.71,7.29,5.95,7.32
41.61,13.13,70.44,7.46,4.24,6.97
35.85,12.18,92.45,4.69,5.63,7.4
31.51,14.56,69.61,8.0,4.04,6.06
29.41,5.18,82.14,3.64,9.87,7.03
27.21,6.96,99.57,4.39,9.79,7.2
47.53,5.08,47.89,9.14,6.37,6.53
44.07,11.47,56.48,8.17,8.37,7.55
48.78,13.98,63.67,3.1,6.07,7.58
19.35,7.43,65.31,4.74,8.03,6.01
40.58,14.27,64.66,4.5,8.83,7.72
47.84,5.6,94.46,4.9,9.68,8.13
21.34,14.34,82.84,4.73,6.4,6.33
17.33,8.52,76.47,3.44,8.7,6.11
40.94,6.01,58.56,6.21,5.6,6.39
35.11,9.86,89.43,8.13,9.94,7.84
44.46,7.57,97.3,7.25,4.15,7.15
19.89,7.85,89.27,7.71,7.62,6.61
42.83,8.07,40.09,3.57,7.96,6.59
22.06,13.03,78.18,9.66,8.13,6.6
20.73,10.39,43.07,8.87,4.72,5.04
20.75,8.11,55.46,8.64,9.63,6.48
43.51,11.1,43.57,8.76,5.09,6.8
38.28,12.16,76.23,9.53,7.74,8.07
33.31,7.73,81.2,6.81,5.34,6.7
27.56,9.14,46.87,4.4,5.84,5.14
45.7,6.22,63.03,7.32,7.28,6.81
28.74,6.81,67.37,8.2,6.5,6.21
43.58,11.81,62.14,8.17,4.96,7.26
30.37,6.81,47.26,6.65,5.03,5.73
28.19,10.25,65.14,3.48,6.51,6.16
31.19,12.09,85.07,5.6,8.54,7.61
25.55,6.07,44.26,9.45,9.39,6.43
41.17,10.67,44.81,7.09,4.5,6.0
32.6,7.57,61.29,6.77,6.36,6.23
23.13,14.63,96.5,4.88,4.6,6.83
46.49,9.84,80.11,5.58,4.1,6.79
28.44,13.06,80.72,9.27,7.97,7.92
34.02,10.5,61.72,7.67,7.61,6.87
46.73,5.43,75.62,8.51,4.98,7.48
36.85,11.33,40.61,6.18,5.4,5.6
19.09,14.51,78.17,7.41,4.14,5.99
47.89,11.02,94.8,4.74,9.01,8.52
36.97,13.19,76.75,7.94,9.85,7.92
26.72,13.84,92.42,5.99,4.81,6.69
19.87,7.28,83.44,6.1,5.39,5.97
42.79,7.12,47.23,7.55,9.21,7.07
36.7,11.11,94.15,9.55,9.56,8.27
33.67,9.11,43.99,3.45,6.52,5.68
46.29,13.4,72.04,8.77,4.3,7.4
42.6,14.0,48.53,5.05,4.24,6.4
20.31,8.53,40.7,6.11,7.44,5.51
25.91,7.37,65.32,3.15,6.36,5.57
23.7,12.81,57.7,5.11,4.17,5.74
41.04,7.75,69.16,6.52,7.5,7.29
16.17,13.23,74.63,3.39,4.07,4.99
34.95,9.24,42.62,6.44,8.72,6.2
41.69,11.68,47.38,9.49,5.84,6.81
45.69,5.96,73.52,3.74,4.24,6.33
26.97,11.24,60.59,8.35,7.53,6.84
43.74,9.52,83.75,5.87,6.39,7.65
18.87,10.87,79.14,7.59,9.84,6.76
44.63,6.68,90.74,4.82,7.27,7.73
19.46,12.37,81.55,4.12,5.65,6.02
28.91,13.63,65.8,4.12,8.26,7.15
42.91,7.17,80.38,3.49,5.63,7.04
20.25,5.96,56.52,4.3,9.43,6.0
23.02,5.24,58.38,7.65,6.25,5.53
40.28,11.42,87.34,9.17,7.3,8.2
40.2,11.07,66.79,8.7,4.3,7.08
37.44,10.47,87.9,7.8,6.56,7.23
39.29,7.32,89.35,3.77,8.99,7.62
34.0,8.91,91.45,5.02,8.83,7.44
23.81,10.94,95.0,5.17,5.35,6.48
27.1,9.97,65.86,4.75,5.36,6.06
21.36,14.88,59.13,6.61,8.9,6.49
46.8,6.36,74.93,6.75,9.58,7.58
35.42,11.95,62.27,5.5,4.57,6.07
29.03,9.04,76.06,5.48,6.7,6.7
31.17,9.28,82.34,8.8,6.02,7.07
48.15,12.18,81.3,8.53,9.22,9.0
20.37,11.92,62.47,5.15,4.5,5.15
35.52,14.91,50.01,9.4,5.27,6.31
32.71,6.28,65.83,9.67,8.51,7.25
36.4,6.04,48.56,5.29,4.31,5.2
15.63,12.24,93.41,5.48,6.96,6.92
45.52,10.78,60.75,6.54,6.65,7.43
47.62,7.74,49.27,9.59,6.01,6.92
34.78,5.79,41.53,9.13,6.37,5.86
39.38,5.86,78.75,3.72,7.18,6.87
47.29,13.94,78.21,5.75,4.97,7.48
